ACTION,GOTO
ClosureId,!,!=,&&,(,),*,+,",",-,/,;,<,<=,=,==,>,>=,UFLOAT,UINT,^,do,double,id,if,int,printf,scanf,then,while,{,||,},#,ANDITEM,ASSIGN,B,BANDTERM,BFACTOR,BORTERM,EXPR,FACTOR,ID,ITEM,L,M,MUL_DIV,N,NOITEM,ORITEM,PLUS_MINUS,PRINTF,PRINTF_BEGIN,PROG,REL,RELITEM,SCANF,SCANF_BEGIN,STATEMENT,SUBPROG,T,VARIABLE,VARIABLES
0,,,,,,,,,,,,,,,,,,,,s3,,,,,,,,,,,,,,,,,,,,,,,,,1,,,,,,,,,,,,,,2,,,
1,,,,,,,,,,,,,,,,,,,,,,s7,,,s8,,,,,,,,,,,,,,,,,,,,,,,,,,,,,,,,,,,4,5,6
2,,,,,,,,,,,,,,,,,,,,,,,,,,,,,,,,,acc,,,,,,,,,,,,,,,,,,,,,,,,,,,,,
3,,,,,,,,,,,,,,,,,,,,,,r2,,,r2,,,,,,,,,,,,,,,,,,,,,,,,,,,,,,,,,,,,,
4,,,,,,,,,,,,,,,,,,,,,,,s10,,,,,,,,,,,,,,,,,,,9,,,,,,,,,,,,,,,,,,,,
5,,,,,,,,s11,,,s12,,,,,,,,,,,,,,,,,,,,,,,,,,,,,,,,,,,,,,,,,,,,,,,,,,,
6,,,,,,,,,,,,,,,,,,,,s21,,s7,s22,s23,s8,s24,s25,,s26,s27,,,,,13,,,,,,,14,,,,,,,,,15,16,,,,17,18,19,,4,20,
7,,,,,,,,,,,,,,,,,,,,,,,r7,,,,,,,,,,,,,,,,,,,,,,,,,,,,,,,,,,,,,,,
8,,,,,,,,,,,,,,,,,,,,,,,r6,,,,,,,,,,,,,,,,,,,,,,,,,,,,,,,,,,,,,,,
9,,,,,,,,r9,,,r9,,,,,,,,,,,,,,,,,,,,,,,,,,,,,,,,,,,,,,,,,,,,,,,,,,,
10,,,,,,,,r8,,,r8,,,,,,,,,,,,,,,,,,,,,,,,,,,,,,,,,,,,,,,,,,,,,,,,,,,
11,,,,,,,,,,,,,,,,,,,,,,,s10,,,,,,,,,,,,,,,,,,,28,,,,,,,,,,,,,,,,,,,,
12,,,,,,,,,,,,,,,,,,,,r5,,r5,r5,r5,r5,r5,r5,,r5,r5,,,,,,,,,,,,,,,,,,,,,,,,,,,,,,,,
13,,,,,,,,,,,,,,,,,,,,,,,,,,,,,,,,,r11,,,,,,,,,,,,,,,,,,,,,,,,,,,,,
14,,,,,,,,,,,,,,s29,,,,,,,,,,,,,,,,,,,,,,,,,,,,,,,,,,,,,,,,,,,,,,,,
15,,,,,,,,,,,,,,,,,,,,,,,,,,,,,,,,,r13,,,,,,,,,,,,,,,,,,,,,,,,,,,,,
16,,,,,s30,,,s31,,,,,,,,,,,,,,,,,,,,,,,,,,,,,,,,,,,,,,,,,,,,,,,,,,,,,,
17,,,,,,,,,,,,,,,,,,,,,,,,,,,,,,,,,r12,,,,,,,,,,,,,,,,,,,,,,,,,,,,,
18,,,,,s32,,,s33,,,,,,,,,,,,,,,,,,,,,,,,,,,,,,,,,,,,,,,,,,,,,,,,,,,,,,
19,,,,,,,,,,,,,,,,,,,,,,,,,,,,,,,,,r1,,,,,,,,,,,,,,,,,,,,,,,,,,,,,
20,,,,,,,,s11,,,s34,,,,,,,,,,,,,,,,,,,,,,,,,,,,,,,,,,,,,,,,,,,,,,,,,,,
21,,,,,,,,,,,,,,,,,,,,,,,,,,,,,,,,,r14,,,,,,,,,,,,,,,,,,,,,,,,,,,,,
22,,,,,,,,,,,,,,r8,,,,,,,,,,,,,,,,,,,,,,,,,,,,,,,,,,,,,,,,,,,,,,,,
23,s35,,,s36,,,,,,,,,,,,,,s42,s43,,,,s44,,,,,,,,,,,,,37,38,39,40,,,41,,,,,,,,,,,,,,,,,,,,
24,,,,s45,,,,,,,,,,,,,,,,,,,,,,,,,,,,,,,,,,,,,,,,,,,,,,,,,,,,,,,,,,
25,,,,s46,,,,,,,,,,,,,,,,,,,,,,,,,,,,,,,,,,,,,,,,,,,,,,,,,,,,,,,,,,
26,,,,,,,,,,,,,,,,,,,,s48,,,,,,,,,,,,,,,,,,,,,,,,,,,47,,,,,,,,,,,,,,,
27,,,,,,,,,,,,,,,,,,,,s57,,,s22,s58,,s24,s25,,s59,s60,,,,,49,,,,,,,50,,51,,,,,,,52,53,,,,54,55,56,,,,
28,,,,,,,,r10,,,r10,,,,,,,,,,,,,,,,,,,,,,,,,,,,,,,,,,,,,,,,,,,,,,,,,,,
29,s61,,,s62,,,s63,,s64,,,,,,,,,s74,s75,,,,s76,,,,,,,,,,,65,,,,,,66,67,68,69,,,,,70,71,72,,,,,73,,,,,,,
30,,,,,,,,,,,,,,,,,,,,,,,,,,,,,,,,,r62,,,,,,,,,,,,,,,,,,,,,,,,,,,,,
31,,,,,,,,,,,,,,,,,,,,,,,s78,,,,,,,,,,,,,,,,,,,77,,,,,,,,,,,,,,,,,,,,
32,,,,,,,,,,,,,,,,,,,,,,,,,,,,,,,,,r59,,,,,,,,,,,,,,,,,,,,,,,,,,,,,
33,,,,,,,,,,,,,,,,,,,,,,,s78,,,,,,,,,,,,,,,,,,,79,,,,,,,,,,,,,,,,,,,,
34,,,,,,,,,,,,,,,,,,,,r4,,r4,r4,r4,r4,r4,r4,,r4,r4,,,,,,,,,,,,,,,,,,,,,,,,,,,,,,,,
35,s35,,,s36,,,,,,,,,,,,,,s42,s43,,,,s44,,,,,,,,,,,,,,80,39,,,,41,,,,,,,,,,,,,,,,,,,,
36,s81,,,s82,,,,,,,,,,,,,,s88,s89,,,,s90,,,,,,,,,,,,,83,84,85,86,,,87,,,,,,,,,,,,,,,,,,,,
37,,,,,,,,,,,,,,,,,,,,,,,,,,,,s91,,,s92,,,,,,,,,,,,,,,,,,,,,,,,,,,,,,,
38,,,r41,,,,,,,,,,,,,,,,,,,,,,,,,r41,,,r41,,,,,,,,,,,,,,,,,,,,,,,,,,,,,,,
39,,s93,r45,,,,,,,,,s94,s95,,s96,s97,s98,,,,,,,,,,,r45,,,r45,,,,,,,,,,,,,,,,,,,,,,,99,,,,,,,,
40,,,s100,,,,,,,,,,,,,,,,,,,,,,,,,r39,,,r39,,,,,,,,,,,,,,,,,,,,,,,,,,,,,,,
41,,r48,r48,,,,,,,,,r48,r48,,r48,r48,r48,,,,,,,,,,,r48,,,r48,,,,,,,,,,,,,,,,,,,,,,,,,,,,,,,
42,,r47,r47,,,,,,,,,r47,r47,,r47,r47,r47,,,,,,,,,,,r47,,,r47,,,,,,,,,,,,,,,,,,,,,,,,,,,,,,,
43,,r46,r46,,,,,,,,,r46,r46,,r46,r46,r46,,,,,,,,,,,r46,,,r46,,,,,,,,,,,,,,,,,,,,,,,,,,,,,,,
44,,r8,r8,,,,,,,,,r8,r8,,r8,r8,r8,,,,,,,,,,,r8,,,r8,,,,,,,,,,,,,,,,,,,,,,,,,,,,,,,
45,,,,,,,,,,,,,,,,,,,,,,,s78,,,,,,,,,,,,,,,,,,,101,,,,,,,,,,,,,,,,,,,,
46,,,,,,,,,,,,,,,,,,,,,,,s78,,,,,,,,,,,,,,,,,,,102,,,,,,,,,,,,,,,,,,,,
47,s103,,,s104,,,,,,,,,,,,,,s110,s111,,,,s112,,,,,,,,,,,,,105,106,107,108,,,109,,,,,,,,,,,,,,,,,,,,
48,r3,,,r3,,,,,,,,,,,,,,r3,r3,,,,r3,,,,,,,,,,,,,,,,,,,,,,,,,,,,,,,,,,,,,,,
49,,,,,,,,,,,r11,,,,,,,,,,,,,,,,,,,,,,,,,,,,,,,,,,,,,,,,,,,,,,,,,,,
50,,,,,,,,,,,,,,s113,,,,,,,,,,,,,,,,,,,,,,,,,,,,,,,,,,,,,,,,,,,,,,,,
51,,,,,,,,,,,s114,,,,,,,,,,,,,,,,,,,,,,,,,,,,,,,,,,,,,,,,,,,,,,,,,,,
52,,,,,,,,,,,r13,,,,,,,,,,,,,,,,,,,,,,,,,,,,,,,,,,,,,,,,,,,,,,,,,,,
53,,,,,s115,,,s31,,,,,,,,,,,,,,,,,,,,,,,,,,,,,,,,,,,,,,,,,,,,,,,,,,,,,,
54,,,,,,,,,,,r12,,,,,,,,,,,,,,,,,,,,,,,,,,,,,,,,,,,,,,,,,,,,,,,,,,,
55,,,,,s116,,,s33,,,,,,,,,,,,,,,,,,,,,,,,,,,,,,,,,,,,,,,,,,,,,,,,,,,,,,
56,,,,,,,,,,,r20,,,,,,,,,,,,,,,,,,,,,,,,,,,,,,,,,,,,,,,,,,,,,,,,,,,
57,,,,,,,,,,,r14,,,,,,,,,,,,,,,,,,,,,,,,,,,,,,,,,,,,,,,,,,,,,,,,,,,
58,s35,,,s36,,,,,,,,,,,,,,s42,s43,,,,s44,,,,,,,,,,,,,117,38,39,40,,,41,,,,,,,,,,,,,,,,,,,,
59,,,,,,,,,,,,,,,,,,,,s48,,,,,,,,,,,,,,,,,,,,,,,,,,,118,,,,,,,,,,,,,,,
60,,,,,,,,,,,,,,,,,,,,s57,,,s22,s58,,s24,s25,,s59,s60,,,,,49,,,,,,,50,,119,,,,,,,52,53,,,,54,55,56,,,,
61,,,,s62,,,s63,,s64,,,,,,,,,s74,s75,,,,s76,,,,,,,,,,,,,,,,,,67,68,69,,,,,120,,72,,,,,73,,,,,,,
62,s121,,,s122,,,s63,,s64,,,,,,,,,s132,s133,,,,s134,,,,,,,,,,,123,,,,,,124,125,126,127,,,,,128,129,130,,,,,131,,,,,,,
63,,,,r49,,,r49,,r49,,,,,,,,,r49,r49,,,,r49,,,,,,,,,,,,,,,,,,,,,,,,,,,,,,,,,,,,,,,
64,,,,r50,,,r50,,r50,,,,,,,,,r50,r50,,,,r50,,,,,,,,,,,,,,,,,,,,,,,,,,,,,,,,,,,,,,,
65,,,r24,,,,,,,,,,,,,,,,,,,,,,,,,,,,r24,,r24,,,,,,,,,,,,,,,,,,,,,,,,,,,,,
66,,,,,,,,,,,,,,,,,,,,,,,,,,,,,,,s135,,r18,,,,,,,,,,,,,,,,,,,,,,,,,,,,,
67,,r31,r31,,,r31,r31,,r31,r31,,r31,r31,,r31,r31,r31,,,,,,,,,,,,,,r31,,r31,,,,,,,,,,,,,,,,,,,,,,,,,,,,,
68,,r33,r33,,,r33,r33,,r33,r33,,r33,r33,,r33,r33,r33,,,,,,,,,,,,,,r33,,r33,,,,,,,,,,,,,,,,,,,,,,,,,,,,,
69,,r30,r30,,,s136,r30,,r30,s137,,r30,r30,,r30,r30,r30,,,,,,,,,,,,,,r30,,r30,,,,,,,,,,,,,138,,,,,,,,,,,,,,,,
70,,s139,r25,,,,,,,,,s140,s141,,s142,s143,s144,,,,,,,,,,,,,,r25,,r25,,,,,,,,,,,,,,,,,,,,,145,,,,,,,,
71,,,s146,,,,,,,,,,,,,,,,,,,,,,,,,,,,r22,,r22,,,,,,,,,,,,,,,,,,,,,,,,,,,,,
72,,,,s62,,,s63,,s64,,,,,,,,,s74,s75,,,,s76,,,,,,,,,,,,,,,,,,147,68,,,,,,,,72,,,,,,,,,,,,
73,,r28,r28,,,,s63,,s64,,,r28,r28,,r28,r28,r28,,,,,,,,,,,,,,r28,,r28,,,,,,,,,,,,,,,,,148,,,,,,,,,,,,
74,,r35,r35,,,r35,r35,,r35,r35,,r35,r35,,r35,r35,r35,,,,,,,,,,,,,,r35,,r35,,,,,,,,,,,,,,,,,,,,,,,,,,,,,
75,,r34,r34,,,r34,r34,,r34,r34,,r34,r34,,r34,r34,r34,,,,,,,,,,,,,,r34,,r34,,,,,,,,,,,,,,,,,,,,,,,,,,,,,
76,,r8,r8,,,r8,r8,,r8,r8,,r8,r8,,r8,r8,r8,,,,,,,,,,,,,,r8,,r8,,,,,,,,,,,,,,,,,,,,,,,,,,,,,
77,,,,,r64,,,r64,,,,,,,,,,,,,,,,,,,,,,,,,,,,,,,,,,,,,,,,,,,,,,,,,,,,,,
78,,,,,r8,,,r8,,,,,,,,,,,,,,,,,,,,,,,,,,,,,,,,,,,,,,,,,,,,,,,,,,,,,,
79,,,,,r60,,,r60,,,,,,,,,,,,,,,,,,,,,,,,,,,,,,,,,,,,,,,,,,,,,,,,,,,,,,
80,,,r43,,,,,,,,,,,,,,,,,,,,,,,,,r43,,,r43,,,,,,,,,,,,,,,,,,,,,,,,,,,,,,,
81,s81,,,s82,,,,,,,,,,,,,,s88,s89,,,,s90,,,,,,,,,,,,,,149,85,,,,87,,,,,,,,,,,,,,,,,,,,
82,s81,,,s82,,,,,,,,,,,,,,s88,s89,,,,s90,,,,,,,,,,,,,150,84,85,86,,,87,,,,,,,,,,,,,,,,,,,,
83,,,,,s151,,,,,,,,,,,,,,,,,,,,,,,,,,s152,,,,,,,,,,,,,,,,,,,,,,,,,,,,,,,
84,,,r41,,r41,,,,,,,,,,,,,,,,,,,,,,,,,,r41,,,,,,,,,,,,,,,,,,,,,,,,,,,,,,,
85,,s93,r45,,r45,,,,,,,s94,s95,,s96,s97,s98,,,,,,,,,,,,,,r45,,,,,,,,,,,,,,,,,,,,,,,153,,,,,,,,
86,,,s154,,r39,,,,,,,,,,,,,,,,,,,,,,,,,,r39,,,,,,,,,,,,,,,,,,,,,,,,,,,,,,,
87,,r48,r48,,r48,,,,,,,r48,r48,,r48,r48,r48,,,,,,,,,,,,,,r48,,,,,,,,,,,,,,,,,,,,,,,,,,,,,,,
88,,r47,r47,,r47,,,,,,,r47,r47,,r47,r47,r47,,,,,,,,,,,,,,r47,,,,,,,,,,,,,,,,,,,,,,,,,,,,,,,
89,,r46,r46,,r46,,,,,,,r46,r46,,r46,r46,r46,,,,,,,,,,,,,,r46,,,,,,,,,,,,,,,,,,,,,,,,,,,,,,,
90,,r8,r8,,r8,,,,,,,r8,r8,,r8,r8,r8,,,,,,,,,,,,,,r8,,,,,,,,,,,,,,,,,,,,,,,,,,,,,,,
91,,,,,,,,,,,,,,,,,,,,s156,,,,,,,,,,,,,,,,,,,,,,,,,,,155,,,,,,,,,,,,,,,
92,,,,,,,,,,,,,,,,,,,,s48,,,,,,,,,,,,,,,,,,,,,,,,,,,157,,,,,,,,,,,,,,,
93,,,,,,,,,,,,,,,,,,r54,r54,,,,r54,,,,,,,,,,,,,,,,,,,,,,,,,,,,,,,,,,,,,,,
94,,,,,,,,,,,,,,,,,,r55,r55,,,,r55,,,,,,,,,,,,,,,,,,,,,,,,,,,,,,,,,,,,,,,
95,,,,,,,,,,,,,,,,,,r56,r56,,,,r56,,,,,,,,,,,,,,,,,,,,,,,,,,,,,,,,,,,,,,,
96,,,,,,,,,,,,,,,,,,r53,r53,,,,r53,,,,,,,,,,,,,,,,,,,,,,,,,,,,,,,,,,,,,,,
97,,,,,,,,,,,,,,,,,,r57,r57,,,,r57,,,,,,,,,,,,,,,,,,,,,,,,,,,,,,,,,,,,,,,
98,,,,,,,,,,,,,,,,,,r58,r58,,,,r58,,,,,,,,,,,,,,,,,,,,,,,,,,,,,,,,,,,,,,,
99,,,,,,,,,,,,,,,,,,s160,s161,,,,s162,,,,,,,,,,,,,,,158,,,,159,,,,,,,,,,,,,,,,,,,,
100,,,,,,,,,,,,,,,,,,,,s48,,,,,,,,,,,,,,,,,,,,,,,,,,,163,,,,,,,,,,,,,,,
101,,,,,r63,,,r63,,,,,,,,,,,,,,,,,,,,,,,,,,,,,,,,,,,,,,,,,,,,,,,,,,,,,,
102,,,,,r61,,,r61,,,,,,,,,,,,,,,,,,,,,,,,,,,,,,,,,,,,,,,,,,,,,,,,,,,,,,
103,s103,,,s104,,,,,,,,,,,,,,s110,s111,,,,s112,,,,,,,,,,,,,,164,107,,,,109,,,,,,,,,,,,,,,,,,,,
104,s81,,,s82,,,,,,,,,,,,,,s88,s89,,,,s90,,,,,,,,,,,,,165,84,85,86,,,87,,,,,,,,,,,,,,,,,,,,
105,,,,,,,,,,,,,,,,,,,,,s166,,,,,,,,,,s167,,,,,,,,,,,,,,,,,,,,,,,,,,,,,,,
106,,,r41,,,,,,,,,,,,,,,,,,r41,,,,,,,,,,r41,,,,,,,,,,,,,,,,,,,,,,,,,,,,,,,
107,,s93,r45,,,,,,,,,s94,s95,,s96,s97,s98,,,,r45,,,,,,,,,,r45,,,,,,,,,,,,,,,,,,,,,,,168,,,,,,,,
108,,,s169,,,,,,,,,,,,,,,,,,r39,,,,,,,,,,r39,,,,,,,,,,,,,,,,,,,,,,,,,,,,,,,
109,,r48,r48,,,,,,,,,r48,r48,,r48,r48,r48,,,,r48,,,,,,,,,,r48,,,,,,,,,,,,,,,,,,,,,,,,,,,,,,,
110,,r47,r47,,,,,,,,,r47,r47,,r47,r47,r47,,,,r47,,,,,,,,,,r47,,,,,,,,,,,,,,,,,,,,,,,,,,,,,,,
111,,r46,r46,,,,,,,,,r46,r46,,r46,r46,r46,,,,r46,,,,,,,,,,r46,,,,,,,,,,,,,,,,,,,,,,,,,,,,,,,
112,,r8,r8,,,,,,,,,r8,r8,,r8,r8,r8,,,,r8,,,,,,,,,,r8,,,,,,,,,,,,,,,,,,,,,,,,,,,,,,,
113,s170,,,s171,,,s63,,s64,,,,,,,,,s181,s182,,,,s183,,,,,,,,,,,172,,,,,,173,174,175,176,,,,,177,178,179,,,,,180,,,,,,,
114,,,,,,,,,,,,,,,,,,,,s156,,,,,,,,,,,,s185,,,,,,,,,,,,,,,184,,,,,,,,,,,,,,,
115,,,,,,,,,,,r62,,,,,,,,,,,,,,,,,,,,,,,,,,,,,,,,,,,,,,,,,,,,,,,,,,,
116,,,,,,,,,,,r59,,,,,,,,,,,,,,,,,,,,,,,,,,,,,,,,,,,,,,,,,,,,,,,,,,,
117,,,,,,,,,,,,,,,,,,,,,,,,,,,,s186,,,s92,,,,,,,,,,,,,,,,,,,,,,,,,,,,,,,
118,s103,,,s104,,,,,,,,,,,,,,s110,s111,,,,s112,,,,,,,,,,,,,187,106,107,108,,,109,,,,,,,,,,,,,,,,,,,,
119,,,,,,,,,,,s188,,,,,,,,,,,,,,,,,,,,,,,,,,,,,,,,,,,,,,,,,,,,,,,,,,,
120,,s139,r26,,,,,,,,,s140,s141,,s142,s143,s144,,,,,,,,,,,,,,r26,,r26,,,,,,,,,,,,,,,,,,,,,145,,,,,,,,
121,,,,s122,,,s63,,s64,,,,,,,,,s132,s133,,,,s134,,,,,,,,,,,,,,,,,,125,126,127,,,,,189,,130,,,,,131,,,,,,,
122,s121,,,s122,,,s63,,s64,,,,,,,,,s132,s133,,,,s134,,,,,,,,,,,123,,,,,,190,125,126,127,,,,,128,129,130,,,,,131,,,,,,,
123,,,r24,,r24,,,,,,,,,,,,,,,,,,,,,,,,,,r24,,,,,,,,,,,,,,,,,,,,,,,,,,,,,,,
124,,,,,s191,,,,,,,,,,,,,,,,,,,,,,,,,,s192,,,,,,,,,,,,,,,,,,,,,,,,,,,,,,,
125,,r31,r31,,r31,r31,r31,,r31,r31,,r31,r31,,r31,r31,r31,,,,,,,,,,,,,,r31,,,,,,,,,,,,,,,,,,,,,,,,,,,,,,,
126,,r33,r33,,r33,r33,r33,,r33,r33,,r33,r33,,r33,r33,r33,,,,,,,,,,,,,,r33,,,,,,,,,,,,,,,,,,,,,,,,,,,,,,,
127,,r30,r30,,r30,s136,r30,,r30,s137,,r30,r30,,r30,r30,r30,,,,,,,,,,,,,,r30,,,,,,,,,,,,,,,193,,,,,,,,,,,,,,,,
128,,s139,r25,,r25,,,,,,,s140,s141,,s142,s143,s144,,,,,,,,,,,,,,r25,,,,,,,,,,,,,,,,,,,,,,,194,,,,,,,,
129,,,s195,,r22,,,,,,,,,,,,,,,,,,,,,,,,,,r22,,,,,,,,,,,,,,,,,,,,,,,,,,,,,,,
130,,,,s122,,,s63,,s64,,,,,,,,,s132,s133,,,,s134,,,,,,,,,,,,,,,,,,196,126,,,,,,,,130,,,,,,,,,,,,
131,,r28,r28,,r28,,s63,,s64,,,r28,r28,,r28,r28,r28,,,,,,,,,,,,,,r28,,,,,,,,,,,,,,,,,,,197,,,,,,,,,,,,
132,,r35,r35,,r35,r35,r35,,r35,r35,,r35,r35,,r35,r35,r35,,,,,,,,,,,,,,r35,,,,,,,,,,,,,,,,,,,,,,,,,,,,,,,
133,,r34,r34,,r34,r34,r34,,r34,r34,,r34,r34,,r34,r34,r34,,,,,,,,,,,,,,r34,,,,,,,,,,,,,,,,,,,,,,,,,,,,,,,
134,,r8,r8,,r8,r8,r8,,r8,r8,,r8,r8,,r8,r8,r8,,,,,,,,,,,,,,r8,,,,,,,,,,,,,,,,,,,,,,,,,,,,,,,
135,s61,,,s62,,,s63,,s64,,,,,,,,,s74,s75,,,,s76,,,,,,,,,,,65,,,,,,,67,68,69,,,,,70,198,72,,,,,73,,,,,,,
136,,,,r51,,,r51,,r51,,,,,,,,,r51,r51,,,,r51,,,,,,,,,,,,,,,,,,,,,,,,,,,,,,,,,,,,,,,
137,,,,r52,,,r52,,r52,,,,,,,,,r52,r52,,,,r52,,,,,,,,,,,,,,,,,,,,,,,,,,,,,,,,,,,,,,,
138,,,,s62,,,s63,,s64,,,,,,,,,s74,s75,,,,s76,,,,,,,,,,,,,,,,,,199,68,,,,,,,,72,,,,,,,,,,,,
139,,,,r54,,,r54,,r54,,,,,,,,,r54,r54,,,,r54,,,,,,,,,,,,,,,,,,,,,,,,,,,,,,,,,,,,,,,
140,,,,r55,,,r55,,r55,,,,,,,,,r55,r55,,,,r55,,,,,,,,,,,,,,,,,,,,,,,,,,,,,,,,,,,,,,,
141,,,,r56,,,r56,,r56,,,,,,,,,r56,r56,,,,r56,,,,,,,,,,,,,,,,,,,,,,,,,,,,,,,,,,,,,,,
142,,,,r53,,,r53,,r53,,,,,,,,,r53,r53,,,,r53,,,,,,,,,,,,,,,,,,,,,,,,,,,,,,,,,,,,,,,
143,,,,r57,,,r57,,r57,,,,,,,,,r57,r57,,,,r57,,,,,,,,,,,,,,,,,,,,,,,,,,,,,,,,,,,,,,,
144,,,,r58,,,r58,,r58,,,,,,,,,r58,r58,,,,r58,,,,,,,,,,,,,,,,,,,,,,,,,,,,,,,,,,,,,,,
145,,,,s62,,,s63,,s64,,,,,,,,,s74,s75,,,,s76,,,,,,,,,,,,,,,,,,67,68,69,,,,,,,72,,,,,200,,,,,,,
146,s61,,,s62,,,s63,,s64,,,,,,,,,s74,s75,,,,s76,,,,,,,,,,,201,,,,,,,67,68,69,,,,,70,,72,,,,,73,,,,,,,
147,,r37,r37,,,r37,r37,,r37,r37,,r37,r37,,r37,r37,r37,,,,,,,,,,,,,,r37,,r37,,,,,,,,,,,,,,,,,,,,,,,,,,,,,
148,,,,s62,,,s63,,s64,,,,,,,,,s74,s75,,,,s76,,,,,,,,,,,,,,,,,,67,68,202,,,,,,,72,,,,,,,,,,,,
149,,,r43,,r43,,,,,,,,,,,,,,,,,,,,,,,,,,r43,,,,,,,,,,,,,,,,,,,,,,,,,,,,,,,
150,,,,,s203,,,,,,,,,,,,,,,,,,,,,,,,,,s152,,,,,,,,,,,,,,,,,,,,,,,,,,,,,,,
151,,,r42,,,,,,,,,,,,,,,,,,,,,,,,,r42,,,r42,,,,,,,,,,,,,,,,,,,,,,,,,,,,,,,
152,,,,,,,,,,,,,,,,,,,,s48,,,,,,,,,,,,,,,,,,,,,,,,,,,204,,,,,,,,,,,,,,,
153,,,,,,,,,,,,,,,,,,s207,s208,,,,s209,,,,,,,,,,,,,,,205,,,,206,,,,,,,,,,,,,,,,,,,,
154,,,,,,,,,,,,,,,,,,,,s48,,,,,,,,,,,,,,,,,,,,,,,,,,,210,,,,,,,,,,,,,,,
155,,,,,,,,,,,,,,,,,,,,s21,,,s22,s23,,s24,s25,,s26,s27,,,,,13,,,,,,,14,,,,,,,,,15,16,,,,17,18,211,,,,
156,,,,,,,,,,,,,,,,,,,,r3,,,r3,r3,,r3,r3,,r3,r3,,,,,,,,,,,,,,,,,,,,,,,,,,,,,,,,
157,s35,,,s36,,,,,,,,,,,,,,s42,s43,,,,s44,,,,,,,,,,,,,,38,39,212,,,41,,,,,,,,,,,,,,,,,,,,
158,,,r44,,,,,,,,,,,,,,,,,,,,,,,,,r44,,,r44,,,,,,,,,,,,,,,,,,,,,,,,,,,,,,,
159,,,r48,,,,,,,,,,,,,,,,,,,,,,,,,r48,,,r48,,,,,,,,,,,,,,,,,,,,,,,,,,,,,,,
160,,,r47,,,,,,,,,,,,,,,,,,,,,,,,,r47,,,r47,,,,,,,,,,,,,,,,,,,,,,,,,,,,,,,
161,,,r46,,,,,,,,,,,,,,,,,,,,,,,,,r46,,,r46,,,,,,,,,,,,,,,,,,,,,,,,,,,,,,,
162,,,r8,,,,,,,,,,,,,,,,,,,,,,,,,r8,,,r8,,,,,,,,,,,,,,,,,,,,,,,,,,,,,,,
163,s35,,,s36,,,,,,,,,,,,,,s42,s43,,,,s44,,,,,,,,,,,,,,213,39,,,,41,,,,,,,,,,,,,,,,,,,,
164,,,r43,,,,,,,,,,,,,,,,,,r43,,,,,,,,,,r43,,,,,,,,,,,,,,,,,,,,,,,,,,,,,,,
165,,,,,s214,,,,,,,,,,,,,,,,,,,,,,,,,,s152,,,,,,,,,,,,,,,,,,,,,,,,,,,,,,,
166,,,,,,,,,,,,,,,,,,,,s156,,,,,,,,,,,,,,,,,,,,,,,,,,,215,,,,,,,,,,,,,,,
167,,,,,,,,,,,,,,,,,,,,s48,,,,,,,,,,,,,,,,,,,,,,,,,,,216,,,,,,,,,,,,,,,
168,,,,,,,,,,,,,,,,,,s219,s220,,,,s221,,,,,,,,,,,,,,,217,,,,218,,,,,,,,,,,,,,,,,,,,
169,,,,,,,,,,,,,,,,,,,,s48,,,,,,,,,,,,,,,,,,,,,,,,,,,222,,,,,,,,,,,,,,,
170,,,,s171,,,s63,,s64,,,,,,,,,s181,s182,,,,s183,,,,,,,,,,,,,,,,,,174,175,176,,,,,223,,179,,,,,180,,,,,,,
171,s121,,,s122,,,s63,,s64,,,,,,,,,s132,s133,,,,s134,,,,,,,,,,,123,,,,,,224,125,126,127,,,,,128,129,130,,,,,131,,,,,,,
172,,,r24,,,,,,,,r24,,,,,,,,,,,,,,,,,,,,r24,,,,,,,,,,,,,,,,,,,,,,,,,,,,,,,
173,,,,,,,,,,,r18,,,,,,,,,,,,,,,,,,,,s225,,,,,,,,,,,,,,,,,,,,,,,,,,,,,,,
174,,r31,r31,,,r31,r31,,r31,r31,r31,r31,r31,,r31,r31,r31,,,,,,,,,,,,,,r31,,,,,,,,,,,,,,,,,,,,,,,,,,,,,,,
175,,r33,r33,,,r33,r33,,r33,r33,r33,r33,r33,,r33,r33,r33,,,,,,,,,,,,,,r33,,,,,,,,,,,,,,,,,,,,,,,,,,,,,,,
176,,r30,r30,,,s136,r30,,r30,s137,r30,r30,r30,,r30,r30,r30,,,,,,,,,,,,,,r30,,,,,,,,,,,,,,,226,,,,,,,,,,,,,,,,
177,,s139,r25,,,,,,,,r25,s140,s141,,s142,s143,s144,,,,,,,,,,,,,,r25,,,,,,,,,,,,,,,,,,,,,,,227,,,,,,,,
178,,,s228,,,,,,,,r22,,,,,,,,,,,,,,,,,,,,r22,,,,,,,,,,,,,,,,,,,,,,,,,,,,,,,
179,,,,s171,,,s63,,s64,,,,,,,,,s181,s182,,,,s183,,,,,,,,,,,,,,,,,,229,175,,,,,,,,179,,,,,,,,,,,,
180,,r28,r28,,,,s63,,s64,,r28,r28,r28,,r28,r28,r28,,,,,,,,,,,,,,r28,,,,,,,,,,,,,,,,,,,230,,,,,,,,,,,,
181,,r35,r35,,,r35,r35,,r35,r35,r35,r35,r35,,r35,r35,r35,,,,,,,,,,,,,,r35,,,,,,,,,,,,,,,,,,,,,,,,,,,,,,,
182,,r34,r34,,,r34,r34,,r34,r34,r34,r34,r34,,r34,r34,r34,,,,,,,,,,,,,,r34,,,,,,,,,,,,,,,,,,,,,,,,,,,,,,,
183,,r8,r8,,,r8,r8,,r8,r8,r8,r8,r8,,r8,r8,r8,,,,,,,,,,,,,,r8,,,,,,,,,,,,,,,,,,,,,,,,,,,,,,,
184,,,,,,,,,,,,,,,,,,,,s57,,,s22,s58,,s24,s25,,s59,s60,,,,,49,,,,,,,50,,,,,,,,,52,53,,,,54,55,231,,,,
185,,,,,,,,,,,,,,,,,,,,,,,,,,,,,,,,,r15,,,,,,,,,,,,,,,,,,,,,,,,,,,,,
186,,,,,,,,,,,,,,,,,,,,s156,,,,,,,,,,,,,,,,,,,,,,,,,,,232,,,,,,,,,,,,,,,
187,,,,,,,,,,,,,,,,,,,,,s233,,,,,,,,,,s167,,,,,,,,,,,,,,,,,,,,,,,,,,,,,,,
188,,,,,,,,,,,,,,,,,,,,s156,,,,,,,,,,,,s234,,,,,,,,,,,,,,,184,,,,,,,,,,,,,,,
189,,s139,r26,,r26,,,,,,,s140,s141,,s142,s143,s144,,,,,,,,,,,,,,r26,,,,,,,,,,,,,,,,,,,,,,,194,,,,,,,,
190,,,,,s235,,,,,,,,,,,,,,,,,,,,,,,,,,s192,,,,,,,,,,,,,,,,,,,,,,,,,,,,,,,
191,,r36,r36,,,r36,r36,,r36,r36,,r36,r36,,r36,r36,r36,,,,,,,,,,,,,,r36,,r36,,,,,,,,,,,,,,,,,,,,,,,,,,,,,
192,s121,,,s122,,,s63,,s64,,,,,,,,,s132,s133,,,,s134,,,,,,,,,,,123,,,,,,,125,126,127,,,,,128,236,130,,,,,131,,,,,,,
193,,,,s122,,,s63,,s64,,,,,,,,,s132,s133,,,,s134,,,,,,,,,,,,,,,,,,237,126,,,,,,,,130,,,,,,,,,,,,
194,,,,s122,,,s63,,s64,,,,,,,,,s132,s133,,,,s134,,,,,,,,,,,,,,,,,,125,126,127,,,,,,,130,,,,,238,,,,,,,
195,s121,,,s122,,,s63,,s64,,,,,,,,,s132,s133,,,,s134,,,,,,,,,,,239,,,,,,,125,126,127,,,,,128,,130,,,,,131,,,,,,,
196,,r37,r37,,r37,r37,r37,,r37,r37,,r37,r37,,r37,r37,r37,,,,,,,,,,,,,,r37,,,,,,,,,,,,,,,,,,,,,,,,,,,,,,,
197,,,,s122,,,s63,,s64,,,,,,,,,s132,s133,,,,s134,,,,,,,,,,,,,,,,,,125,126,240,,,,,,,130,,,,,,,,,,,,
198,,,s146,,,,,,,,,,,,,,,,,,,,,,,,,,,,r21,,r21,,,,,,,,,,,,,,,,,,,,,,,,,,,,,
199,,r32,r32,,,r32,r32,,r32,r32,,r32,r32,,r32,r32,r32,,,,,,,,,,,,,,r32,,r32,,,,,,,,,,,,,,,,,,,,,,,,,,,,,
200,,r27,r27,,,,s63,,s64,,,r27,r27,,r27,r27,r27,,,,,,,,,,,,,,r27,,r27,,,,,,,,,,,,,,,,,148,,,,,,,,,,,,
201,,,r23,,,,,,,,,,,,,,,,,,,,,,,,,,,,r23,,r23,,,,,,,,,,,,,,,,,,,,,,,,,,,,,
202,,r29,r29,,,s136,r29,,r29,s137,,r29,r29,,r29,r29,r29,,,,,,,,,,,,,,r29,,r29,,,,,,,,,,,,,138,,,,,,,,,,,,,,,,
203,,,r42,,r42,,,,,,,,,,,,,,,,,,,,,,,,,,r42,,,,,,,,,,,,,,,,,,,,,,,,,,,,,,,
204,s81,,,s82,,,,,,,,,,,,,,s88,s89,,,,s90,,,,,,,,,,,,,,84,85,241,,,87,,,,,,,,,,,,,,,,,,,,
205,,,r44,,r44,,,,,,,,,,,,,,,,,,,,,,,,,,r44,,,,,,,,,,,,,,,,,,,,,,,,,,,,,,,
206,,,r48,,r48,,,,,,,,,,,,,,,,,,,,,,,,,,r48,,,,,,,,,,,,,,,,,,,,,,,,,,,,,,,
207,,,r47,,r47,,,,,,,,,,,,,,,,,,,,,,,,,,r47,,,,,,,,,,,,,,,,,,,,,,,,,,,,,,,
208,,,r46,,r46,,,,,,,,,,,,,,,,,,,,,,,,,,r46,,,,,,,,,,,,,,,,,,,,,,,,,,,,,,,
209,,,r8,,r8,,,,,,,,,,,,,,,,,,,,,,,,,,r8,,,,,,,,,,,,,,,,,,,,,,,,,,,,,,,
210,s81,,,s82,,,,,,,,,,,,,,s88,s89,,,,s90,,,,,,,,,,,,,,242,85,,,,87,,,,,,,,,,,,,,,,,,,,
211,,,,,,,,,,,,,,,,,,,,,,,,,,,,,,,,,r17,,,,,,,,,,,,,,,,,,,,,,,,,,,,,
212,,,s100,,,,,,,,,,,,,,,,,,,,,,,,,r38,,,r38,,,,,,,,,,,,,,,,,,,,,,,,,,,,,,,
213,,,r40,,,,,,,,,,,,,,,,,,,,,,,,,r40,,,r40,,,,,,,,,,,,,,,,,,,,,,,,,,,,,,,
214,,,r42,,,,,,,,,,,,,,,,,,r42,,,,,,,,,,r42,,,,,,,,,,,,,,,,,,,,,,,,,,,,,,,
215,,,,,,,,,,,,,,,,,,,,s21,,,s22,s23,,s24,s25,,s26,s27,,,,,13,,,,,,,14,,,,,,,,,15,16,,,,17,18,243,,,,
216,s103,,,s104,,,,,,,,,,,,,,s110,s111,,,,s112,,,,,,,,,,,,,,106,107,244,,,109,,,,,,,,,,,,,,,,,,,,
217,,,r44,,,,,,,,,,,,,,,,,,r44,,,,,,,,,,r44,,,,,,,,,,,,,,,,,,,,,,,,,,,,,,,
218,,,r48,,,,,,,,,,,,,,,,,,r48,,,,,,,,,,r48,,,,,,,,,,,,,,,,,,,,,,,,,,,,,,,
219,,,r47,,,,,,,,,,,,,,,,,,r47,,,,,,,,,,r47,,,,,,,,,,,,,,,,,,,,,,,,,,,,,,,
220,,,r46,,,,,,,,,,,,,,,,,,r46,,,,,,,,,,r46,,,,,,,,,,,,,,,,,,,,,,,,,,,,,,,
221,,,r8,,,,,,,,,,,,,,,,,,r8,,,,,,,,,,r8,,,,,,,,,,,,,,,,,,,,,,,,,,,,,,,
222,s103,,,s104,,,,,,,,,,,,,,s110,s111,,,,s112,,,,,,,,,,,,,,245,107,,,,109,,,,,,,,,,,,,,,,,,,,
223,,s139,r26,,,,,,,,r26,s140,s141,,s142,s143,s144,,,,,,,,,,,,,,r26,,,,,,,,,,,,,,,,,,,,,,,227,,,,,,,,
224,,,,,s246,,,,,,,,,,,,,,,,,,,,,,,,,,s192,,,,,,,,,,,,,,,,,,,,,,,,,,,,,,,
225,s170,,,s171,,,s63,,s64,,,,,,,,,s181,s182,,,,s183,,,,,,,,,,,172,,,,,,,174,175,176,,,,,177,247,179,,,,,180,,,,,,,
226,,,,s171,,,s63,,s64,,,,,,,,,s181,s182,,,,s183,,,,,,,,,,,,,,,,,,248,175,,,,,,,,179,,,,,,,,,,,,
227,,,,s171,,,s63,,s64,,,,,,,,,s181,s182,,,,s183,,,,,,,,,,,,,,,,,,174,175,176,,,,,,,179,,,,,249,,,,,,,
228,s170,,,s171,,,s63,,s64,,,,,,,,,s181,s182,,,,s183,,,,,,,,,,,250,,,,,,,174,175,176,,,,,177,,179,,,,,180,,,,,,,
229,,r37,r37,,,r37,r37,,r37,r37,r37,r37,r37,,r37,r37,r37,,,,,,,,,,,,,,r37,,,,,,,,,,,,,,,,,,,,,,,,,,,,,,,
230,,,,s171,,,s63,,s64,,,,,,,,,s181,s182,,,,s183,,,,,,,,,,,,,,,,,,174,175,251,,,,,,,179,,,,,,,,,,,,
231,,,,,,,,,,,r19,,,,,,,,,,,,,,,,,,,,,,,,,,,,,,,,,,,,,,,,,,,,,,,,,,,
232,,,,,,,,,,,,,,,,,,,,s57,,,s22,s58,,s24,s25,,s59,s60,,,,,49,,,,,,,50,,,,,,,,,52,53,,,,54,55,252,,,,
233,,,,,,,,,,,,,,,,,,,,s156,,,,,,,,,,,,,,,,,,,,,,,,,,,253,,,,,,,,,,,,,,,
234,,,,,,,,,,,r15,,,,,,,,,,,,,,,,,,,,,,,,,,,,,,,,,,,,,,,,,,,,,,,,,,,
235,,r36,r36,,r36,r36,r36,,r36,r36,,r36,r36,,r36,r36,r36,,,,,,,,,,,,,,r36,,,,,,,,,,,,,,,,,,,,,,,,,,,,,,,
236,,,s195,,r21,,,,,,,,,,,,,,,,,,,,,,,,,,r21,,,,,,,,,,,,,,,,,,,,,,,,,,,,,,,
237,,r32,r32,,r32,r32,r32,,r32,r32,,r32,r32,,r32,r32,r32,,,,,,,,,,,,,,r32,,,,,,,,,,,,,,,,,,,,,,,,,,,,,,,
238,,r27,r27,,r27,,s63,,s64,,,r27,r27,,r27,r27,r27,,,,,,,,,,,,,,r27,,,,,,,,,,,,,,,,,,,197,,,,,,,,,,,,
239,,,r23,,r23,,,,,,,,,,,,,,,,,,,,,,,,,,r23,,,,,,,,,,,,,,,,,,,,,,,,,,,,,,,
240,,r29,r29,,r29,s136,r29,,r29,s137,,r29,r29,,r29,r29,r29,,,,,,,,,,,,,,r29,,,,,,,,,,,,,,,193,,,,,,,,,,,,,,,,
241,,,s154,,r38,,,,,,,,,,,,,,,,,,,,,,,,,,r38,,,,,,,,,,,,,,,,,,,,,,,,,,,,,,,
242,,,r40,,r40,,,,,,,,,,,,,,,,,,,,,,,,,,r40,,,,,,,,,,,,,,,,,,,,,,,,,,,,,,,
243,,,,,,,,,,,,,,,,,,,,,,,,,,,,,,,,,r16,,,,,,,,,,,,,,,,,,,,,,,,,,,,,
244,,,s169,,,,,,,,,,,,,,,,,,r38,,,,,,,,,,r38,,,,,,,,,,,,,,,,,,,,,,,,,,,,,,,
245,,,r40,,,,,,,,,,,,,,,,,,r40,,,,,,,,,,r40,,,,,,,,,,,,,,,,,,,,,,,,,,,,,,,
246,,r36,r36,,,r36,r36,,r36,r36,r36,r36,r36,,r36,r36,r36,,,,,,,,,,,,,,r36,,,,,,,,,,,,,,,,,,,,,,,,,,,,,,,
247,,,s228,,,,,,,,r21,,,,,,,,,,,,,,,,,,,,r21,,,,,,,,,,,,,,,,,,,,,,,,,,,,,,,
248,,r32,r32,,,r32,r32,,r32,r32,r32,r32,r32,,r32,r32,r32,,,,,,,,,,,,,,r32,,,,,,,,,,,,,,,,,,,,,,,,,,,,,,,
249,,r27,r27,,,,s63,,s64,,r27,r27,r27,,r27,r27,r27,,,,,,,,,,,,,,r27,,,,,,,,,,,,,,,,,,,230,,,,,,,,,,,,
250,,,r23,,,,,,,,r23,,,,,,,,,,,,,,,,,,,,r23,,,,,,,,,,,,,,,,,,,,,,,,,,,,,,,
251,,r29,r29,,,s136,r29,,r29,s137,r29,r29,r29,,r29,r29,r29,,,,,,,,,,,,,,r29,,,,,,,,,,,,,,,226,,,,,,,,,,,,,,,,
252,,,,,,,,,,,r17,,,,,,,,,,,,,,,,,,,,,,,,,,,,,,,,,,,,,,,,,,,,,,,,,,,
253,,,,,,,,,,,,,,,,,,,,s57,,,s22,s58,,s24,s25,,s59,s60,,,,,49,,,,,,,50,,,,,,,,,52,53,,,,54,55,254,,,,
254,,,,,,,,,,,r16,,,,,,,,,,,,,,,,,,,,,,,,,,,,,,,,,,,,,,,,,,,,,,,,,,,
